id,class
¤B,0
¤C,1
¤V,2
¤T,3
¤W,4
¤U,5
¤£,6
¤¢,7
¤¡,8
¥B,9
¥A,10
¥@,11
¥C,12
¤þ,13
¥à,14
¥á,15
¨Ã,16
¤X,17
¤¤,18
¦ê,19
¤Y,20
¤¦,21
¥D,22
¤D,23
¤[,24
¤\,25
¤§,26
¥E,27
¥G,28
¥F,29
¥â,30
¥ã,31
¨Ä,32
­¼,33
¤A,34
¤E,35
¤^,36
¤],37
¥ä,38
¨Å,39
°®,40
¶Ã,41
¤F,42
¤©,43
¨Æ,44
¤G,45
¤_,46
¤ª,47
¤¬,48
¤­,49
¤«,50
¥å,51
¨Ç,52
¨È,53
«E,54
¤`,55
¥æ,56
¥è,57
¥ç,58
¦ë,59
¨É,60
¨Ê,61
«F,62
«G,63
¤H,64
¤°,65
¤¯,66
¤±,67
¤·,68
¤²,69
¤³,70
¤µ,71
¤¶,72
¤´,73
¥J,74
¥K,75
¥L,76
¥M,77
¥I,78
¥P,79
¥Q,80
¥a,81
¥N,82
¥O,83
¥H,84
¥õ,85
¥ò,86
¥ö,87
¥ó,88
¥ô,89
¥÷,90
¥é,91
¥ø,92
¥ê,93
¥ì,94
¥î,95
¥ñ,96
¥ï,97
¥ð,98
¥í,99
¥ë,100
§B,101
¦ô,102
¦ñ,103
§D,104
¦ù,105
¦ø,106
¦ü,107
¦÷,108
¦ú,109
¦ý,110
¦î,111
¦ì,112
§C,113
¦í,114
¦õ,115
¦ö,116
¦û,117
¦ó,118
¦ï,119
§E,120
¦ò,121
§@,122
§F,123
¦ð,124
§A,125
¦þ,126
¨Ø,127
¨Ð,128
¨Ë,129
¨Õ,130
¨Î,131
¨Ö,132
¨Ù,133
¨Û,134
¨Ï,135
¨Ô,136
¨Ó,137
¨×,138
¨Ò,139
¨Í,140
¨Ü,141
¨Ú,142
¨Ñ,143
¨Ì,144
«V,145
«J,146
«I,147
«Q,148
«K,149
«Y,150
«P,151
«X,152
«T,153
«[,154
«N,155
«W,156
«M,157
«U,158
«R,159
«Z,160
«O,161
«\,162
«S,163
«L,164
«H,165
­×,166
­Á,167
­Ñ,168
­Ö,169
­Ä,170
­Í,171
­Ú,172
­Î,173
­Ç,174
­Ü,175
­Ó,176
­¾,177
­¿,178
°¿,179
­Ì,180
­Ë,181
­Ï,182
­Æ,183
­Õ,184
­Ô,185
­Ê,186
­É,187
­Ò,188
­À,189
­Ã,190
­Â,191
­Ð,192
­Å,193
­Ù,194
­Û,195
­Ø,196
­È,197
°³,198
°²,199
°¶,200
°´,201
°¹,202
°¾,203
°º,204
°µ,205
°±,206
°·,207
°¼,208
°»,209
°¸,210
°½,211
°¯,212
°°,213
³È,214
³Å,215
³Ä,216
³Ç,217
³É,218
³Ê,219
³Æ,220
³Ã,221
¶Ê,222
¶Ä,223
¶Í,224
¶Æ,225
¶Ç,226
¶Å,227
¶Ë,228
¶Ì,229
¶É,230
¶È,231
¹³,232
¹´,233
¹²,234
¹¯,235
¹±,236
¹®,237
¹¬,238
¹°,239
¹­,240
¹µ,241
»ø,242
»ù,243
»÷,244
»ö,245
»ú,246
»õ,247
»û,248
»ü,249
¾ª,250
¾§,251
¾©,252
¾¨,253
Àv,254
Àw,255
Àu,256
Àx,257
Ä×,258
Åk,259
¤a,260
¤¹,261
¤¸,262
¥S,263
¥R,264
¥ü,265
¥û,266
¥ý,267
¥ú,268
§J,269
§I,270
§K,271
¨à,272
¨ß,273
¨á,274
«^,275
°Â,276
¹¸,277
¤J,278
¤º,279
¥þ,280
¨â,281
¤K,282
¤½,283
¤»,284
¤¼,285
¦@,286
§L,287
¨ä,288
¨ã,289
¨å,290
­Ý,291
¾¬,292
¥T,293
¥U,294
¦A,295
«`,296
«_,297
°Ã,298
¤¾,299
«a,300
­à,301
­Þ,302
­ß,303
¥V,304
¦B,305
§M,306
§N,307
¨æ,308
­ã,309
­ä,310
­â,311
­á,312
»þ,313
¾®,314
¤L,315
¤Z,316
°Ä,317
³Í,318
¹¹,319
¤¿,320
¥Y,321
¥W,322
¥X,323
¨ç,324
¤M,325
¤N,326
¤b,327
¤À,328
¤Á,329
¤Â,330
¥Z,331
¦F,332
¦D,333
¦E,334
¦C,335
ªì,336
§P,337
§O,338
§S,339
§Q,340
§R,341
¨í,342
¨ì,343
¨î,344
¨ê,345
¨é,346
¨è,347
¨ï,348
«c,349
«h,350
«d,351
«g,352
«f,353
«e,354
«b,355
­ç,356
­å,357
­è,358
­æ,359
­é,360
³Ñ,361
°Å,362
°Æ,363
³Î,364
³Ï,365
³Ð,366
¶Ð,367
¶Ñ,368
¶Ï,369
¹º,370
¼@,371
¼A,372
¼B,373
¼C,374
¾¯,375
¤O,376
¥\,377
¥[,378
¦H,379
§U,380
§V,381
§T,382
§W,383
¨ð,384
«l,385
«k,386
«i,387
«j,388
°Ç,389
°Ê,390
±å,391
°É,392
°È,393
³Ô,394
³Ó,395
³Ò,396
¶Ò,397
¶Õ,398
¶Ô,399
¶Ó,400
Ày,401
ÄU,402
¤Ã,403
¤Ä,404
¤Å,405
¥],406
¥^,407
¦I,408
«m,409
°Ì,410
°Ë,411
¤P,412
¤Æ,413
¥_,414
°Í,415
¥`,416
¦K,417
¦J,418
§X,419
­ê,420
¶×,421
¹¼,422
¤Ç,423
°Ð,424
°Î,425
°Ï,426
¤Q,427
¤d,428
¤Ê,429
¤É,430
¤È,431
¥c,432
¥b,433
¨õ,434
¨ò,435
¨ô,436
¨ó,437
«n,438
³Õ,439
¤R,440
¤Ë,441
¥e,442
¥d,443
¨ö,444
¥g,445
¥f,446
¦L,447
¦M,448
§Y,449
§Z,450
¨÷,451
¨ø,452
¨ù,453
«o,454
­ë,455
¤Ì,456
«p,457
­í,458
­ì,459
³Ö,460
¹½,461
¼F,462
¥h,463
°Ñ,464
¤S,465
¤e,466
¤Î,467
¤Í,468
¤Ï,469
¨û,470
¨ú,471
¨ü,472
«q,473
­î,474
ÂO,475
¤f,476
¥j,477
¥y,478
¥t,479
¥o,480
¥n,481
¥u,482
¥s,483
¥l,484
¥z,485
¥m,486
¥i,487
¥x,488
¥w,489
¥v,490
¥k,491
¥r,492
¥q,493
¥p,494
¦S,495
¦Y,496
¦U,497
¦[,498
¦X,499
¦N,500
¦Q,501
¦T,502
¦P,503
¦W,504
¦Z,505
¦O,506
¦R,507
¦V,508
¦\,509
§g,510
§[,511
§],512
§u,513
§p,514
§_,515
§a,516
§h,517
§t,518
§\,519
§m,520
§s,521
§d,522
§n,523
§o,524
§l,525
§j,526
§k,527
§q,528
§^,529
§r,530
§f,531
§c,532
§b,533
§e,534
§i,535
§`,536
©O,537
©P,538
©K,539
¨ý,540
¨þ,541
©L,542
©E,543
©A,544
©D,545
©I,546
©R,547
©C,548
©F,549
©H,550
©Q,551
©M,552
©S,553
©J,554
©G,555
©B,556
©@,557
©N,558
«x,559
«t,560
«},561
«¤,562
«r,563
«£,564
«¥,565
«y,566
«w,567
«¦,568
«|,569
«s,570
«~,571
«{,572
«¡,573
«z,574
«¢,575
«v,576
«u,577
­û,578
­ô,579
®@,580
­ï,581
­ù,582
­þ,583
­ú,584
­ý,585
­õ,586
­÷,587
­ó,588
­ñ,589
­ö,590
­ü,591
­ð,592
­ø,593
®A,594
°ä,595
°â,596
°ß,597
°Û,598
°æ,599
­ò,600
°á,601
³è,602
°Ù,603
°Ö,604
°Ó,605
°Ú,606
°Ý,607
°Þ,608
°Ü,609
°ã,610
°×,611
±Ò,612
°Ø,613
°å,614
°à,615
°Õ,616
°Ô,617
³×,618
³Ú,619
³î,620
³Ø,621
³Þ,622
³ä,623
µ½,624
³â,625
³ï,626
³Û,627
³ã,628
³á,629
³Ý,630
³ê,631
³ß,632
³Ü,633
³ç,634
³Ù,635
³à,636
³ì,637
³æ,638
³í,639
³é,640
³å,641
³ë,642
¶å,643
¶æ,644
¶Þ,645
¶Ü,646
¶ß,647
¶Ú,648
¶ã,649
¶Ý,650
¶Ø,651
¶ä,652
¶à,653
¶á,654
¶ç,655
¶Û,656
¶Ù,657
¶â,658
¹È,659
¹Â,660
¹¾,661
¹¿,662
¹Ä,663
¹Ë,664
¹Å,665
¹Æ,666
¹Ç,667
¹Ã,668
¹É,669
¹Á,670
¹À,671
¹Ê,672
¼M,673
¼G,674
¼S,675
¼T,676
¼J,677
¼L,678
¼R,679
¼I,680
¼H,681
¼K,682
¼O,683
¼N,684
¼P,685
¾²,686
¾¾,687
¾¶,688
¾º,689
¾¹,690
¾µ,691
¾¸,692
¾³,693
¾½,694
¾¼,695
¾»,696
¼Q,697
¾·,698
¾´,699
À{,700
À},701
À~,702
Àz,703
À¡,704
À|,705
ÂP,706
Ã`,707
ÄV,708
ÂQ,709
ÄY,710
ÄX,711
ÄW,712
ÄZ,713
ÄÚ,714
ÄÙ,715
ÄÛ,716
Åm,717
Åo,718
Ån,719
ÅÈ,720
Åñ,721
¥},722
¥|,723
¦^,724
¦],725
§y,726
§w,727
§x,728
©T,729
®E,730
°é,731
°ê,732
³ò,733
¶é,734
¶ê,735
¹Ï,736
¹Î,737
¤g,738
¦b,739
¦d,740
¦c,741
¦e,742
¦a,743
¦`,744
§£,745
§},746
§¡,747
§{,748
§~,749
§¢,750
§¥,751
§¤,752
§|,753
©Y,754
©[,755
©Z,756
©X,757
©W,758
©V,759
©\,760
««,761
©U,762
«¬,763
«­,764
«¯,765
«®,766
«±,767
®G,768
®J,769
®I,770
«°,771
®H,772
°ì,773
°ð,774
°ñ,775
°õ,776
°ö,777
°ò,778
°ó,779
°í,780
°ï,781
°î,782
³ù,783
³ö,784
³ô,785
³ó,786
³÷,787
³ø,788
³õ,789
°ô,790
¶ô,791
¶ò,792
¶ì,793
¶ð,794
¶î,795
¶í,796
¶ï,797
¶ë,798
¶õ,799
¶ñ,800
¶ó,801
¹Ð,802
¹Õ,803
¹Ñ,804
¼U,805
¹Ò,806
¹Ö,807
¹Ô,808
¹Ó,809
¼Y,810
¼W,811
¼V,812
¾¥,813
¼Z,814
¼X,815
¾Á,816
¾À,817
¾Ã,818
¾Â,819
À¤,820
À£,821
À¢,822
ÂS,823
ÂR,824
Ãa,825
Ãb,826
Ãc,827
Ä[,828
Åò,829
¤h,830
¤Ð,831
§§,832
³ü,833
³ý,834
¹Ø,835
®L,836
ÄÜ,837
¤i,838
¥~,839
¦g,840
¦h,841
©],842
°÷,843
¹Ú,844
¹Û,845
¹Ù,846
¤j,847
¤Ñ,848
¤Ó,849
¤Ò,850
¤Ô,851
¥¡,852
¥¢,853
¦i,854
¦j,855
§¨,856
©a,857
©_,858
©`,859
©^,860
«¶,861
«µ,862
«·,863
«´,864
©b,865
«³,866
®M,867
®N,868
®O,869
³þ,870
°ø,871
¶ø,872
¹Ý,873
¹Ü,874
¾Ä,875
¤k,876
¥£,877
¥¤,878
¦l,879
¦o,880
¦n,881
¦q,882
¦p,883
¦m,884
¦k,885
§³,886
§°,887
§ª,888
§²,889
§¯,890
§®,891
§©,892
§¬,893
§­,894
§±,895
§´,896
§«,897
©g,898
©o,899
©p,900
©f,901
©d,902
©c,903
©i,904
©n,905
©l,906
©k,907
©j,908
©h,909
©q,910
©m,911
©e,912
«¹,913
«À,914
«¸,915
«»,916
«¾,917
«Á,918
«¼,919
«¿,920
®V,921
«Ã,922
«º,923
«Â,924
«½,925
®[,926
®P,927
®U,928
®Q,929
®T,930
®R,931
®S,932
®W,933
®X,934
®Z,935
®Y,936
°ù,937
±@,938
°þ,939
°ú,940
±C,941
°û,942
±D,943
±B,944
±A,945
°ü,946
°ý,947
´@,948
´B,949
´C,950
´A,951
´D,952
·B,953
·@,954
¶þ,955
¶ý,956
¶ü,957
¶ù,958
·A,959
¶ú,960
¶û,961
¹â,962
¹á,963
¹ã,964
¹Þ,965
¹ä,966
¹ß,967
¹à,968
¼a,969
¼_,970
¼^,971
¼`,972
¼b,973
¾Å,974
À¨,975
À§,976
À¦,977
¾Æ,978
ÂT,979
Ä\,980
¤l,981
¤m,982
¤n,983
¤Õ,984
¥¥,985
¦r,986
¦s,987
§·,988
§¶,989
§µ,990
©s,991
©u,992
©t,993
«Ä,994
®],995
±E,996
´G,997
´F,998
¹å,999
¾Ç,1000
À©,1001
Ä^,1002
Åp,1003
¥¦,1004
¦v,1005
¦t,1006
¦u,1007
¦w,1008
§º,1009
§¹,1010
§»,1011
©v,1012
©x,1013
©z,1014
©w,1015
©{,1016
©y,1017
«È,1018
«Å,1019
«Ç,1020
«É,1021
«Æ,1022
®c,1023
®_,1024
®`,1025
®b,1026
®d,1027
®a,1028
®f,1029
®e,1030
±J,1031
±I,1032
±H,1033
±G,1034
±K,1035
±F,1036
´I,1037
´K,1038
´H,1039
´J,1040
¹æ,1041
¹î,1042
¹è,1043
¹ì,1044
¹í,1045
¹é,1046
¹ê,1047
¹ç,1048
¹ë,1049
¼f,1050
¼g,1051
¼e,1052
¼d,1053
Ãd,1054
Ä_,1055
¤o,1056
¦x,1057
«Ê,1058
®g,1059
±N,1060
±M,1061
±L,1062
´L,1063
´M,1064
¹ï,1065
¾É,1066
¤p,1067
¤Ö,1068
¦y,1069
©|,1070
¤×,1071
§¼,1072
´N,1073
Àª,1074
¤r,1075
¤¨,1076
¤Ø,1077
¥§,1078
§À,1079
§¿,1080
§½,1081
§¾,1082
©~,1083
©¡,1084
©},1085
«Î,1086
«Í,1087
«Ë,1088
«Ì,1089
®j,1090
®h,1091
®i,1092
±P,1093
±O,1094
¹ð,1095
¼h,1096
¼i,1097
ÄÝ,1098
¤Ù,1099
¤s,1100
¦z,1101
§Ä,1102
§Á,1103
§Â,1104
§Ã,1105
©£,1106
©¥,1107
©¦,1108
©§,1109
©¨,1110
©¢,1111
©¤,1112
«Ï,1113
®o,1114
®n,1115
®k,1116
®p,1117
®q,1118
®m,1119
®l,1120
®r,1121
±S,1122
±R,1123
±T,1124
±X,1125
±Z,1126
±V,1127
±[,1128
±U,1129
±W,1130
±Y,1131
´O,1132
´P,1133
·C,1134
¹ñ,1135
¹ò,1136
¼j,1137
À­,1138
À¬,1139
À®,1140
ÄÞ,1141
År,1142
Åq,1143
ÅÉ,1144
¤t,1145
¦{,1146
¨µ,1147
±_,1148
¤u,1149
¥ª,1150
¥©,1151
¥¨,1152
§Å,1153
®t,1154
¤v,1155
¤w,1156
¤x,1157
¤Ú,1158
«Ñ,1159
´S,1160
¤y,1161
¥«,1162
¥¬,1163
¦|,1164
§Æ,1165
©®,1166
©¬,1167
©«,1168
©©,1169
©ª,1170
©­,1171
«Ò,1172
«Ó,1173
®v,1174
®u,1175
±b,1176
±a,1177
±c,1178
±`,1179
´U,1180
´V,1181
´T,1182
·E,1183
¹÷,1184
¹ö,1185
¹ó,1186
¼m,1187
¼l,1188
¹ô,1189
À°,1190
¤z,1191
¥­,1192
¦~,1193
¦},1194
©¯,1195
·F,1196
¤Û,1197
¥®,1198
«Õ,1199
´X,1200
§È,1201
§É,1202
§Ç,1203
©³,1204
©´,1205
©±,1206
©°,1207
©²,1208
«Ö,1209
«×,1210
®y,1211
®w,1212
®x,1213
±g,1214
±f,1215
±d,1216
±e,1217
±h,1218
´Z,1219
´[,1220
·H,1221
·G,1222
´Y,1223
¹ø,1224
¹ù,1225
¼p,1226
¼r,1227
¼q,1228
¼t,1229
¼o,1230
¼s,1231
Ãf,1232
ÆU,1233
©µ,1234
§Ê,1235
«Ø,1236
¤Ü,1237
¥¯,1238
§Ë,1239
«Ù,1240
¹ú,1241
¦¡,1242
·I,1243
¤},1244
¤Ý,1245
¤Þ,1246
¥±,1247
¥°,1248
¦¢,1249
§Ì,1250
©¶,1251
©·,1252
©¸,1253
«Ú,1254
®z,1255
±i,1256
±j,1257
´],1258
¹û,1259
¼u,1260
À±,1261
Ås,1262
±k,1263
·J,1264
§Î,1265
§Í,1266
«Û,1267
±m,1268
³C,1269
±n,1270
±l,1271
´^,1272
¹ü,1273
¼v,1274
§Ï,1275
§Ð,1276
©¼,1277
©»,1278
©¹,1279
©º,1280
«Ý,1281
«à,1282
«Ü,1283
«Þ,1284
«ß,1285
«á,1286
®},1287
®|,1288
®{,1289
±o,1290
±r,1291
±p,1292
±q,1293
±s,1294
´a,1295
´_,1296
´`,1297
·K,1298
·L,1299
¼x,1300
¼w,1301
¹ý,1302
À²,1303
¤ß,1304
¥²,1305
§Ò,1306
§Ô,1307
¦¤,1308
§Ó,1309
§Ñ,1310
¦£,1311
©½,1312
©¾,1313
§Ö,1314
§Õ,1315
©À,1316
©¿,1317
©Á,1318
«ç,1319
©Â,1320
«ã,1321
©Ã,1322
©È,1323
©Æ,1324
«ä,1325
«å,1326
©É,1327
«æ,1328
©Ê,1329
«è,1330
©Ç,1331
©Ä,1332
©Å,1333
«î,1334
«í,1335
«é,1336
®£,1337
®¤,1338
®~,1339
«ì,1340
®¡,1341
«ò,1342
®¢,1343
«ë,1344
®¦,1345
«ñ,1346
«ð,1347
«ï,1348
®¥,1349
®§,1350
«ê,1351
±v,1352
®¨,1353
®®,1354
±x,1355
®­,1356
®«,1357
®¬,1358
®¯,1359
®ª,1360
®©,1361
±y,1362
±w,1363
±z,1364
´d,1365
±|,1366
±£,1367
´e,1368
±ª,1369
±¢,1370
±¥,1371
±~,1372
±¡,1373
±¨,1374
±{,1375
´b,1376
±§,1377
±¦,1378
±«,1379
±¤,1380
±©,1381
´f,1382
´c,1383
±},1384
´k,1385
´o,1386
·Q,1387
´m,1388
´q,1389
·S,1390
´i,1391
´l,1392
´s,1393
·T,1394
·U,1395
´r,1396
´p,1397
·N,1398
´j,1399
·M,1400
·R,1401
´g,1402
·P,1403
´h,1404
·\,1405
·[,1406
·Z,1407
º@,1408
·X,1409
¹þ,1410
·O,1411
ºA,1412
·W,1413
·Y,1414
·V,1415
¼},1416
ºG,1417
ºF,1418
¼|,1419
ºE,1420
ºC,1421
ºD,1422
¼z,1423
´n,1424
¼£,1425
¼{,1426
¼¢,1427
¼y,1428
ºB,1429
¼¡,1430
¼¤,1431
¼~,1432
¾Î,1433
¼¨,1434
¼¦,1435
¾Ì,1436
¼¬,1437
¼ª,1438
¼«,1439
¼¥,1440
¾Í,1441
¼§,1442
¼©,1443
¾Ë,1444
¾Ð,1445
¾Ñ,1446
À´,1447
Àµ,1448
¾Ó,1449
À³,1450
¾Ò,1451
¾Ï,1452
ÂV,1453
À¶,1454
Ãg,1455
Ãj,1456
Ãi,1457
Ãh,1458
Äa,1459
Äb,1460
Äß,1461
Äà,1462
Åt,1463
ÅÊ,1464
¤à,1465
¥³,1466
¦¦,1467
¦§,1468
¦¥,1469
¦¨,1470
§Ú,1471
§Ù,1472
©Ï,1473
©Î,1474
±­,1475
±®,1476
´u,1477
·`,1478
·a,1479
ºI,1480
¼®,1481
¾Ô,1482
À¸,1483
ÂW,1484
À¹,1485
¤á,1486
©Ñ,1487
©Ð,1488
©Ò,1489
«ó,1490
®°,1491
±¯,1492
´v,1493
¤â,1494
¤~,1495
¤ã,1496
¥¶,1497
¥´,1498
¥µ,1499
¦«,1500
¦ª,1501
¦©,1502
§á,1503
§ê,1504
§è,1505
§æ,1506
§ß,1507
§å,1508
§ã,1509
§ä,1510
©Ó,1511
§Þ,1512
§Û,1513
§à,1514
§â,1515
§í,1516
§ç,1517
§ì,1518
§ë,1519
§Ý,1520
§Ü,1521
§é,1522
©á,1523
©Ü,1524
©ï,1525
©ê,1526
©è,1527
©Ù,1528
©ã,1529
©â,1530
©×,1531
©Ø,1532
©Ö,1533
©î,1534
©æ,1535
©à,1536
©Ô,1537
©ß,1538
©Õ,1539
©ç,1540
©ð,1541
©ä,1542
©Ú,1543
©Ý,1544
©Þ,1545
©ì,1546
©í,1547
©ë,1548
©å,1549
©é,1550
©Û,1551
«ô,1552
¬A,1553
«ø,1554
«ú,1555
¬@,1556
«ý,1557
®±,1558
¬C,1559
«þ,1560
«÷,1561
«û,1562
¬B,1563
®³,1564
«ù,1565
«ü,1566
®²,1567
«ö,1568
¬D,1569
«õ,1570
®Á,1571
®¿,1572
®À,1573
®¶,1574
®¼,1575
®¾,1576
®µ,1577
®¸,1578
®¹,1579
®»,1580
®´,1581
®º,1582
®½,1583
®·,1584
±·,1585
±Ë,1586
±Ê,1587
±¿,1588
±º,1589
±²,1590
´¨,1591
±¶,1592
±É,1593
±È,1594
±½,1595
±Á,1596
±Â,1597
±¼,1598
´x,1599
±Ç,1600
±Æ,1601
±³,1602
±¸,1603
±Ã,1604
±¾,1605
±°,1606
±Ä,1607
±´,1608
´w,1609
±µ,1610
±±,1611
±À,1612
±»,1613
±¹,1614
±Å,1615
´z,1616
´},1617
´|,1618
´~,1619
´y,1620
´£,1621
´¡,1622
´¥,1623
´­,1624
´«,1625
´¤,1626
´¢,1627
´{,1628
´ª,1629
´¦,1630
´§,1631
´©,1632
·l,1633
·i,1634
·b,1635
·k,1636
·n,1637
·o,1638
·j,1639
·d,1640
·e,1641
·h,1642
·f,1643
·m,1644
·g,1645
·c,1646
ºQ,1647
´¬,1648
ºL,1649
ºK,1650
ºO,1651
ºR,1652
¼¯,1653
¼°,1654
ºN,1655
¼±,1656
ºP,1657
ºJ,1658
¼´,1659
¼µ,1660
¼»,1661
¼¸,1662
¼¹,1663
¼¿,1664
¼²,1665
ºM,1666
¼·,1667
¼º,1668
¼¾,1669
¼À,1670
¼½,1671
¼¼,1672
¼¶,1673
¼³,1674
¾Ø,1675
¾Ù,1676
¾ß,1677
¾Ö,1678
¾Ý,1679
¾Û,1680
¾Õ,1681
¾Ü,1682
À»,1683
¾×,1684
¾Þ,1685
Àº,1686
¾à,1687
¾á,1688
À¼,1689
¾Ú,1690
À½,1691
À¿,1692
ÀÀ,1693
À¾,1694
ÀÁ,1695
ÂY,1696
ÂX,1697
Â\,1698
Â],1699
ÂZ,1700
Ãk,1701
Â[,1702
Ãl,1703
Äd,1704
Äc,1705
Äe,1706
Äâ,1707
Äá,1708
ÅË,1709
Åu,1710
ÅÍ,1711
ÅÌ,1712
Åó,1713
¤ä,1714
¦¬,1715
§ï,1716
§ð,1717
©ñ,1718
¬F,1719
¬G,1720
®Ä,1721
±Ó,1722
±Ï,1723
±Î,1724
±Ñ,1725
±Ô,1726
±Ð,1727
±Í,1728
´¯,1729
´±,1730
´²,1731
´°,1732
·q,1733
ºV,1734
¾ã,1735
¼Ä,1736
¼Å,1737
¼Æ,1738
ÀÄ,1739
ÀÅ,1740
¤å,1741
´´,1742
´³,1743
¤æ,1744
®Æ,1745
±×,1746
·r,1747
ºW,1748
¤ç,1749
¥¸,1750
©ò,1751
¬H,1752
±Ù,1753
´µ,1754
·s,1755
Â_,1756
¤è,1757
©ó,1758
¬I,1759
®Ç,1760
®È,1761
±Û,1762
±Ü,1763
±Ý,1764
±Ú,1765
ºY,1766
ºX,1767
¬J,1768
¤é,1769
¥¹,1770
¦®,1771
¦­,1772
¦¯,1773
¦°,1774
§ò,1775
©ô,1776
©û,1777
©ù,1778
©ø,1779
©÷,1780
©ú,1781
©ü,1782
©ö,1783
©õ,1784
¬P,1785
¬M,1786
¬K,1787
¬N,1788
¬Q,1789
¬L,1790
¬O,1791
®É,1792
®Ì,1793
®Ê,1794
®Î,1795
®Ë,1796
®Í,1797
±ß,1798
±Þ,1799
±à,1800
±â,1801
±á,1802
´¶,1803
´º,1804
´·,1805
´¸,1806
´¹,1807
´¼,1808
·v,1809
·w,1810
·u,1811
´»,1812
·x,1813
·t,1814
ºZ,1815
º[,1816
¼È,1817
¼Ç,1818
¼É,1819
¾æ,1820
¾ä,1821
¾å,1822
ÀÇ,1823
ÀÆ,1824
Ãn,1825
Ãm,1826
Äf,1827
¤ê,1828
¦±,1829
¦²,1830
§ó,1831
¬T,1832
®Ñ,1833
±ä,1834
°Ò,1835
´¿,1836
´À,1837
³Ì,1838
·|,1839
¤ë,1840
¦³,1841
ªB,1842
ªA,1843
®Ò,1844
®Ó,1845
®Ô,1846
±æ,1847
´Â,1848
´Á,1849
Âa,1850
Äg,1851
¤ì,1852
¥¼,1853
¥½,1854
¥»,1855
¥¾,1856
¥º,1857
¦¶,1858
¦µ,1859
¦·,1860
¦´,1861
§ü,1862
§õ,1863
§ö,1864
§÷,1865
§ø,1866
§ú,1867
§ù,1868
§û,1869
§ô,1870
ªC,1871
ªM,1872
ªN,1873
ªF,1874
ªH,1875
ªS,1876
ªI,1877
ªQ,1878
ªO,1879
ªJ,1880
ªP,1881
ªD,1882
ªR,1883
ªE,1884
ªL,1885
ªT,1886
ªG,1887
ªK,1888
¬\,1889
¬b,1890
¬[,1891
¬e,1892
¬`,1893
¬f,1894
¬Y,1895
¬a,1896
¬V,1897
¬X,1898
¬c,1899
¬g,1900
¬d,1901
¬^,1902
¬Z,1903
¬_,1904
¬W,1905
¬h,1906
®ã,1907
¬],1908
¬U,1909
®ê,1910
®ß,1911
®Õ,1912
®Ý,1913
®è,1914
®Ö,1915
®Ú,1916
®æ,1917
®â,1918
®å,1919
®Û,1920
®ç,1921
®é,1922
®Ø,1923
®×,1924
®à,1925
®ä,1926
®á,1927
®Ù,1928
®Ü,1929
±í,1930
±ì,1931
±ç,1932
±ò,1933
±ö,1934
±õ,1935
±ê,1936
±÷,1937
±ð,1938
±ø,1939
±ú,1940
±é,1941
±ï,1942
±ù,1943
±ô,1944
±è,1945
±ñ,1946
±î,1947
®Þ,1948
±ë,1949
±ó,1950
´Ö,1951
´Ñ,1952
´Ò,1953
´Î,1954
´Ä,1955
´Ç,1956
´Æ,1957
´×,1958
´É,1959
´Å,1960
´Ð,1961
´Ì,1962
´Ë,1963
´Ï,1964
´Ê,1965
´Í,1966
´Ã,1967
´È,1968
´Ó,1969
´Õ,1970
´Ô,1971
·¦,1972
·¨,1973
·¬,1974
·¤,1975
·¡,1976
·«,1977
·£,1978
·©,1979
·ª,1980
·~,1981
·¥,1982
·¢,1983
·­,1984
·§,1985
·®,1986
·},1987
º_,1988
ºd,1989
º],1990
º^,1991
ºg,1992
ºk,1993
ºa,1994
ºh,1995
ºe,1996
ºf,1997
º`,1998
ºc,1999
ºl,2000
ºj,2001
ºi,2002
ºb,2003
¼Í,2004
¼Õ,2005
¼Ñ,2006
¼Î,2007
¼Ö,2008
¼×,2009
¼Ô,2010
¼Ó,2011
¼Ð,2012
¼Ï,2013
¼Ì,2014
¼Ò,2015
¼Ë,2016
¾ö,2017
¾ë,2018
¾ð,2019
¾ì,2020
¾ê,2021
¾ñ,2022
¾õ,2023
¾ô,2024
¾ï,2025
¾í,2026
¾÷,2027
¾ó,2028
¾ò,2029
¾î,2030
ÀÈ,2031
ÀÊ,2032
ÀÉ,2033
ÀÌ,2034
ÀË,2035
Âc,2036
Âb,2037
Âf,2038
Âe,2039
Âg,2040
Âd,2041
Ãr,2042
Ãq,2043
ÀÍ,2044
Ãp,2045
Ão,2046
Äå,2047
Äæ,2048
Åv,2049
ÆV,2050
¤í,2051
¦¸,2052
ªY,2053
±ý,2054
´Û,2055
´Ü,2056
´Ú,2057
·²,2058
ºp,2059
ºq,2060
¼Ú,2061
¾ù,2062
Âj,2063
Åw,2064
¤î,2065
¥¿,2066
¦¹,2067
¨B,2068
ªZ,2069
ª[,2070
¬n,2071
·³,2072
¾ú,2073
Âk,2074
¤ï,2075
¦º,2076
ª\,2077
¬o,2078
¬p,2079
®î,2080
®í,2081
´Þ,2082
´Ý,2083
¼Ü,2084
ÀÔ,2085
Âl,2086
Äè,2087
¬q,2088
®ï,2089
±þ,2090
´ß,2091
·µ,2092
·´,2093
¼Ý,2094
¼Þ,2095
¤ð,2096
¥À,2097
¨C,2098
¬r,2099
·¶,2100
¤ñ,2101
¬s,2102
¤ò,2103
²@,2104
´à,2105
··,2106
¤ó,2107
¥Â,2108
¥Á,2109
ª],2110
¦»,2111
ª^,2112
¬t,2113
®ð,2114
®ô,2115
®ó,2116
®ñ,2117
®ò,2118
²B,2119
´á,2120
´â,2121
ºr,2122
¤ô,2123
¥Ã,2124
¥Æ,2125
¥Å,2126
¥Ä,2127
¨D,2128
¦Á,2129
¦Â,2130
¦½,2131
¦¾,2132
¦¼,2133
¨E,2134
¦¿,2135
¦À,2136
¨Q,2137
¨L,2138
¨O,2139
¨V,2140
¨M,2141
¨T,2142
¨W,2143
¨G,2144
¨U,2145
¨J,2146
¨H,2147
¨I,2148
¨P,2149
¨N,2150
¨S,2151
¨R,2152
¨F,2153
¨K,2154
ªj,2155
ªq,2156
ªb,2157
ªe,2158
ªm,2159
ªo,2160
ªv,2161
ªh,2162
ªf,2163
ªg,2164
ªu,2165
ªp,2166
ªn,2167
ªs,2168
¬u,2169
ªy,2170
ªc,2171
ªl,2172
ªk,2173
ªr,2174
ªx,2175
ªw,2176
ªi,2177
ª_,2178
ªd,2179
ª`,2180
®õ,2181
ªt,2182
ªa,2183
¬v,2184
¬{,2185
¬~,2186
¬¥,2187
¬},2188
¬z,2189
¬x,2190
¬|,2191
¬w,2192
¬¤,2193
¬¡,2194
¬¢,2195
¬£,2196
¬y,2197
®ý,2198
¯C,2199
®ú,2200
¯E,2201
®ö,2202
¯@,2203
¯B,2204
¯D,2205
®ü,2206
®û,2207
®ù,2208
®ø,2209
¯A,2210
²C,2211
®þ,2212
®÷,2213
²R,2214
²P,2215
²G,2216
²[,2217
²U,2218
²D,2219
²d,2220
²X,2221
²c,2222
²N,2223
²O,2224
²I,2225
²Q,2226
²Y,2227
²^,2228
²F,2229
²\,2230
²S,2231
²H,2232
²J,2233
²b,2234
²_,2235
²],2236
²a,2237
²`,2238
²E,2239
²W,2240
²V,2241
²T,2242
²L,2243
²K,2244
²M,2245
µA,2246
²Z,2247
´î,2248
´ü,2249
´ë,2250
´ç,2251
´í,2252
´ñ,2253
´ì,2254
´õ,2255
´ú,2256
´ô,2257
´ä,2258
´è,2259
´÷,2260
´å,2261
´ù,2262
´ý,2263
´û,2264
´ê,2265
´ø,2266
´æ,2267
´ò,2268
´ð,2269
´ï,2270
´é,2271
´ó,2272
´ö,2273
µ@,2274
·½,2275
·Ç,2276
·Â,2277
·È,2278
·¾,2279
·¸,2280
·Á,2281
·Ë,2282
·Å,2283
·¹,2284
·»,2285
·Ä,2286
·Ã,2287
·¼,2288
·É,2289
·À,2290
·¿,2291
´þ,2292
º°,2293
·Æ,2294
·º,2295
·Ê,2296
º­,2297
º¢,2298
º¯,2299
ºw,2300
ºu,2301
º¡,2302
º®,2303
º},2304
º£,2305
º|,2306
ºv,2307
ºt,2308
º¨,2309
ºz,2310
º~,2311
º§,2312
ºx,2313
º¬,2314
º©,2315
º{,2316
ºª,2317
º¤,2318
º¦,2319
ºs,2320
º¥,2321
ºy,2322
¼ß,2323
¼â,2324
¼ä,2325
¼ï,2326
¼ç,2327
¼í,2328
¼ã,2329
¼æ,2330
¼é,2331
¼ì,2332
¼è,2333
¼ë,2334
¼à,2335
Àß,2336
¼á,2337
¼å,2338
º«,2339
¼ê,2340
¼î,2341
¾þ,2342
¿A,2343
¿C,2344
¾ý,2345
¿D,2346
¿F,2347
¿E,2348
¿B,2349
¾ü,2350
¿@,2351
À×,2352
ÀÛ,2353
ÀÙ,2354
ÀÚ,2355
Àá,2356
ÀÜ,2357
ÀÝ,2358
Àà,2359
ÀÞ,2360
ÀØ,2361
Âq,2362
Âo,2363
Âp,2364
Âm,2365
Ân,2366
Âs,2367
Âr,2368
Ãx,2369
Ãv,2370
Ãs,2371
Ãw,2372
Ãt,2373
Ãu,2374
Äj,2375
Äi,2376
Äé,2377
Åx,2378
Åy,2379
ÆW,2380
Æe,2381
¤õ,2382
¦Ç,2383
¨_,2384
¨b,2385
¨`,2386
¨a,2387
ª¤,2388
ª¢,2389
ª£,2390
ª¡,2391
ª¥,2392
¬¯,2393
¬²,2394
¬´,2395
¬¶,2396
¬³,2397
¬±,2398
¬µ,2399
¬°,2400
¯P,2401
¯L,2402
¯Q,2403
¯M,2404
¯O,2405
¯N,2406
²i,2407
²l,2408
²j,2409
²k,2410
µH,2411
µI,2412
µL,2413
µJ,2414
µK,2415
µM,2416
·Ò,2417
·×,2418
·Î,2419
·Ï,2420
·Ô,2421
·Ù,2422
·Ñ,2423
·Ø,2424
·Ö,2425
·Ó,2426
·Ð,2427
·Õ,2428
µN,2429
º´,2430
º¶,2431
ºµ,2432
º²,2433
º³,2434
¼ô,2435
¼÷,2436
¼õ,2437
¼ö,2438
¿Q,2439
¿K,2440
¿U,2441
¿V,2442
¿O,2443
¿L,2444
¿R,2445
¿M,2446
¿N,2447
¿P,2448
¿S,2449
¿T,2450
Àç,2451
Àê,2452
Àé,2453
Àæ,2454
Àì,2455
Àë,2456
Àè,2457
Àí,2458
Ât,2459
Ãz,2460
Ã{,2461
Äl,2462
Äê,2463
Æy,2464
¤ö,2465
ª¦,2466
ª§,2467
¬¸,2468
Àï,2469
¤÷,2470
ª¨,2471
¯R,2472
·Ý,2473
¤ø,2474
²n,2475
º¸,2476
Àð,2477
¤ù,2478
ª©,2479
µP,2480
·Þ,2481
¼ø,2482
Ã|,2483
¤ú,2484
¤û,2485
¦É,2486
¦È,2487
¨e,2488
¨d,2489
¨c,2490
ªª,2491
ª«,2492
¬º,2493
¬¹,2494
¬»,2495
¯S,2496
²o,2497
µR,2498
²p,2499
µQ,2500
º¹,2501
ºº,2502
¼ù,2503
Ã},2504
Äë,2505
¤ü,2506
¥Ç,2507
ª¬,2508
¨g,2509
¨f,2510
ª­,2511
ª°,2512
ª¯,2513
ª®,2514
¬½,2515
¬¾,2516
¬¼,2517
¯X,2518
¯W,2519
¯U,2520
¯T,2521
¯V,2522
²t,2523
²s,2524
²u,2525
²r,2526
²q,2527
µT,2528
µV,2529
µU,2530
µS,2531
·ß,2532
·â,2533
·á,2534
º»,2535
·à,2536
¼ú,2537
º¼,2538
¼û,2539
¿W,2540
Àñ,2541
Àò,2542
Ây,2543
Âx,2544
Ã~,2545
Ã¡,2546
Äm,2547
Åz,2548
¥È,2549
²v,2550
¥É,2551
¤ý,2552
¨h,2553
ª³,2554
ª²,2555
ª±,2556
ª´,2557
¬Â,2558
¬Å,2559
¬¿,2560
¬Á,2561
¬Ä,2562
¬À,2563
¬Ã,2564
¯],2565
¯Z,2566
¯\,2567
²{,2568
²y,2569
²w,2570
²z,2571
¯[,2572
²x,2573
²|,2574
µZ,2575
µ[,2576
µX,2577
µY,2578
µ^,2579
µ\,2580
µ],2581
µW,2582
·é,2583
·è,2584
·å,2585
·ê,2586
·ä,2587
·ë,2588
·ì,2589
·ç,2590
·æ,2591
º¾,2592
º½,2593
¼ü,2594
º¿,2595
·ã,2596
ºÀ,2597
¼þ,2598
¼ý,2599
¿X,2600
¿Y,2601
Àõ,2602
Âz,2603
Àó,2604
Àô,2605
Ã¢,2606
Ã£,2607
Än,2608
¥Ê,2609
²},2610
¿],2611
Ã¤,2612
¥Ë,2613
²~,2614
²¡,2615
ºÂ,2616
¿^,2617
Â|,2618
¥Ì,2619
¬Æ,2620
²¢,2621
¥Í,2622
²£,2623
µc,2624
µd,2625
¥Î,2626
¥Ï,2627
¨j,2628
¨i,2629
¬Ç,2630
¥Ð,2631
¥Ñ,2632
¥Ò,2633
¥Ó,2634
¨k,2635
¨l,2636
ª¶,2637
¬É,2638
¬È,2639
¯`,2640
¯d,2641
¯c,2642
¯b,2643
¯a,2644
²¦,2645
²¤,2646
²¥,2647
µf,2648
µe,2649
²§,2650
·í,2651
·î,2652
Ã¦,2653
Ã¥,2654
Å|,2655
¥Ô,2656
²¨,2657
ºÃ,2658
ª¸,2659
ª¹,2660
ª·,2661
¬Í,2662
¬Î,2663
¬Ì,2664
¯h,2665
¯i,2666
²«,2667
¯l,2668
¯k,2669
¯j,2670
¯e,2671
¯f,2672
¯g,2673
²¬,2674
²©,2675
²ª,2676
µk,2677
µj,2678
µh,2679
µl,2680
µg,2681
µi,2682
·ð,2683
·ó,2684
·ò,2685
·ö,2686
·ô,2687
·õ,2688
·ï,2689
·ñ,2690
ºÇ,2691
ºÆ,2692
ºÅ,2693
ºÈ,2694
½E,2695
½C,2696
½H,2697
½F,2698
½G,2699
ºÄ,2700
½D,2701
¿`,2702
¿a,2703
Àø,2704
À÷,2705
Àù,2706
Â¡,2707
Â},2708
Â~,2709
Äo,2710
Äp,2711
Äî,2712
Å~,2713
Å},2714
Åõ,2715
Åö,2716
¬Ñ,2717
µn,2718
µo,2719
¥Õ,2720
¦Ê,2721
¨m,2722
ªº,2723
¬Ò,2724
¬Ó,2725
¬Ô,2726
²®,2727
µq,2728
µp,2729
½J,2730
¥Ö,2731
¯p,2732
µr,2733
½K,2734
¥×,2735
ª»,2736
¬×,2737
¬Ö,2738
¬Õ,2739
¯q,2740
¯r,2741
¯s,2742
²°,2743
²¯,2744
²±,2745
µs,2746
·ø,2747
·ù,2748
ºÉ,2749
ºÊ,2750
½L,2751
¿d,2752
¿c,2753
Àú,2754
¥Ø,2755
¨n,2756
ª¼,2757
ª½,2758
¬Û,2759
¬Ú,2760
¬ß,2761
¬Þ,2762
¬Ù,2763
¬Ü,2764
¬Ý,2765
¯u,2766
¯v,2767
¯w,2768
¯t,2769
²µ,2770
²²,2771
²¶,2772
²·,2773
²´,2774
²³,2775
µt,2776
·ú,2777
¸C,2778
·ý,2779
ºÎ,2780
·þ,2781
¸D,2782
·ü,2783
¸E,2784
¸A,2785
·û,2786
¸B,2787
¸@,2788
ºÌ,2789
ºÍ,2790
ºË,2791
½N,2792
½O,2793
½M,2794
½P,2795
¿f,2796
¿g,2797
¿e,2798
¿h,2799
Á@,2800
Àü,2801
Àþ,2802
ÁA,2803
Àý,2804
Àû,2805
Â¤,2806
Â¢,2807
Â£,2808
Ã©,2809
Äï,2810
Å÷,2811
Æf,2812
¥Ù,2813
¬á,2814
¥Ú,2815
¨o,2816
ª¾,2817
¯x,2818
µu,2819
¸G,2820
ÁB,2821
¥Û,2822
ª¿,2823
¬â,2824
¬ä,2825
¬å,2826
¬ã,2827
¯|,2828
¯¡,2829
¯z,2830
¯¢,2831
¯y,2832
¯},2833
¯~,2834
¯{,2835
²¹,2836
µv,2837
²¸,2838
µw,2839
µx,2840
¸N,2841
¸M,2842
¸L,2843
¸H,2844
¸O,2845
¸J,2846
¸K,2847
ºÐ,2848
ºÑ,2849
ºÓ,2850
¸I,2851
ºÒ,2852
½T,2853
½X,2854
½V,2855
ºÏ,2856
½S,2857
½U,2858
½R,2859
½Y,2860
½W,2861
¿j,2862
¿i,2863
¿k,2864
ÁF,2865
ÁE,2866
ÁC,2867
ÁD,2868
ÁG,2869
Â¦,2870
Ãª,2871
Äq,2872
Är,2873
Ät,2874
Äs,2875
¥Ü,2876
ªÀ,2877
ªÁ,2878
ªÂ,2879
¬æ,2880
¬é,2881
¬è,2882
¬ç,2883
¯§,2884
¯¦,2885
¯ª,2886
¯­,2887
¯®,2888
¯¬,2889
¯«,2890
¯©,2891
¯¨,2892
²»,2893
²¼,2894
²½,2895
¸R,2896
¸S,2897
¸T,2898
º×,2899
ºÕ,2900
ºÖ,2901
¿m,2902
ÁH,2903
ÁI,2904
Â§,2905
Ã«,2906
¬ê,2907
¸V,2908
¥Ý,2909
¨r,2910
¨q,2911
¨p,2912
ªÃ,2913
¬î,2914
¬ì,2915
¬í,2916
¯²,2917
¯°,2918
¯¯,2919
¯³,2920
¯±,2921
¯´,2922
²¾,2923
µ},2924
µ|,2925
µz,2926
µ{,2927
µy,2928
¸Z,2929
¸X,2930
¸W,2931
¸[,2932
¸Y,2933
ºØ,2934
ºÙ,2935
½^,2936
½_,2937
½[,2938
½],2939
½Z,2940
½\,2941
¿p,2942
¿q,2943
¿n,2944
¿o,2945
ÁJ,2946
Â¨,2947
Â©,2948
Ã­,2949
Ã¬,2950
¥Þ,2951
¨s,2952
ªÆ,2953
ªÅ,2954
¬ï,2955
¬ð,2956
¯¶,2957
¯·,2958
²¿,2959
²À,2960
µ¢,2961
µ¡,2962
µ~,2963
¸],2964
¸^,2965
ºÛ,2966
ºÚ,2967
½a,2968
½`,2969
¿s,2970
Â«,2971
Â¬,2972
Äu,2973
ÅÑ,2974
¥ß,2975
¯¸,2976
³º,2977
³¹,2978
µ¤,2979
µ£,2980
ºÜ,2981
ºÝ,2982
Äv,2983
¦Ë,2984
ªÇ,2985
¬ò,2986
¬ñ,2987
¯¹,2988
¯º,2989
²Æ,2990
²Ã,2991
²Ç,2992
²Á,2993
²Å,2994
²Â,2995
²Ä,2996
µ§,2997
µ¥,2998
µ¬,2999
µ«,3000
µ­,3001
µ¨,3002
µ©,3003
µª,3004
µ¦,3005
¸a,3006
ºá,3007
¸_,3008
ºà,3009
ºå,3010
ºä,3011
ºß,3012
ºâ,3013
ºã,3014
ºÞ,3015
½b,3016
½c,3017
½e,3018
¸`,3019
½h,3020
½d,3021
½f,3022
½g,3023
¿v,3024
¿t,3025
¿x,3026
¿y,3027
¿w,3028
¿z,3029
ÁO,3030
ÁN,3031
ÁL,3032
ÁM,3033
¿u,3034
Â°,3035
Â²,3036
Â±,3037
Â®,3038
Â¯,3039
Â­,3040
Ã²,3041
Ã°,3042
Ã±,3043
Ã®,3044
Ã¯,3045
Äx,3046
Äw,3047
Äy,3048
Äð,3049
Å£,3050
Å¢,3051
ÅÒ,3052
ÆX,3053
ÆY,3054
Æ~,3055
¦Ì,3056
¯»,3057
²É,3058
²Ê,3059
µ¯,3060
µ°,3061
¸d,3062
¸e,3063
¸f,3064
ºé,3065
ºê,3066
ºë,3067
½k,3068
¿|,3069
¿},3070
ÁW,3071
ÁS,3072
ÁT,3073
ÁV,3074
ÁR,3075
ÁU,3076
Â³,3077
Äz,3078
¦Í,3079
¨t,3080
ªÈ,3081
¬ö,3082
¬ô,3083
¬ù,3084
¬õ,3085
¬ø,3086
¬÷,3087
¯¿,3088
¯¾,3089
¯Ç,3090
¯Ã,3091
¯Â,3092
¯Ä,3093
¯½,3094
¯È,3095
¯Å,3096
¯É,3097
¯Æ,3098
¯À,3099
¯¼,3100
¯Á,3101
µµ,3102
²Ï,3103
²Ö,3104
²Ó,3105
²Ô,3106
²Ð,3107
²Ñ,3108
²Ò,3109
²×,3110
²Í,3111
²Õ,3112
²Ì,3113
µ²,3114
µ´,3115
µ±,3116
µ¸,3117
µº,3118
µ¹,3119
µ³,3120
µ¶,3121
²Î,3122
µ·,3123
¸h,3124
¸j,3125
¸k,3126
¸i,3127
¸g,3128
ºî,3129
½x,3130
ºñ,3131
º÷,3132
ºû,3133
ºí,3134
ºõ,3135
ºô,3136
ºó,3137
ºù,3138
ºú,3139
ºö,3140
ºì,3141
ºï,3142
ºð,3143
ºø,3144
ºý,3145
ºò,3146
ºü,3147
½p,3148
½u,3149
½r,3150
½v,3151
½l,3152
½t,3153
½s,3154
½w,3155
½q,3156
½n,3157
½m,3158
½o,3159
¿¢,3160
¿~,3161
¿¡,3162
¿£,3163
¿¤,3164
Á_,3165
ÁY,3166
Áa,3167
Á],3168
Á\,3169
Á`,3170
ÁZ,3171
Ác,3172
Á^,3173
Áb,3174
Á[,3175
Â´,3176
Âµ,3177
Â·,3178
Â¶,3179
Â¸,3180
Ã·,3181
Ã¸,3182
Ã´,3183
Ãµ,3184
Ã¶,3185
Ä~,3186
Ä},3187
Ä¡,3188
Äò,3189
Äñ,3190
ÅÕ,3191
ÅÖ,3192
Æl,3193
¦Î,3194
¬û,3195
¯Ê,3196
²Ú,3197
Áj,3198
Â»,3199
Åø,3200
ªÉ,3201
¨u,3202
¯Ë,3203
¸n,3204
¸o,3205
¸m,3206
»@,3207
¸p,3208
½|,3209
½},3210
¿©,3211
Ã¹,3212
Åù,3213
¦Ï,3214
ªË,3215
ªÊ,3216
¬ü,3217
¯Ì,3218
²Ü,3219
²Û,3220
¸s,3221
¸r,3222
¸q,3223
½~,3224
¿ª,3225
Ã»,3226
Ã½,3227
Ã¼,3228
¦Ð,3229
¬ý,3230
¯Î,3231
¯Í,3232
²Ý,3233
²Þ,3234
²ß,3235
µ¾,3236
µ¿,3237
»C,3238
»A,3239
»B,3240
½¡,3241
¿«,3242
¿¬,3243
Ák,3244
Â¼,3245
Â½,3246
Ál,3247
Ä£,3248
¦Ñ,3249
¦Ò,3250
ªÌ,3251
¯Ï,3252
¦Ó,3253
­A,3254
­@,3255
¦Ô,3256
¯Ñ,3257
¯Ó,3258
¯Ð,3259
¯Ò,3260
²à,3261
¦Õ,3262
­C,3263
¯Ô,3264
¯Õ,3265
²â,3266
²á,3267
¸t,3268
¸u,3269
»E,3270
»D,3271
Áp,3272
Áo,3273
Ám,3274
Án,3275
Áq,3276
Â¿,3277
Â¾,3278
Å¥,3279
Å¤,3280
¦Ö,3281
¸w,3282
µÂ,3283
¸v,3284
»F,3285
¦×,3286
¦Ø,3287
¦Ù,3288
¨w,3289
¨v,3290
¨y,3291
¨{,3292
¨z,3293
¨x,3294
ªÑ,3295
ªÏ,3296
ªÎ,3297
ªÓ,3298
ªÕ,3299
ªÒ,3300
ªÖ,3301
ªÐ,3302
¨|,3303
ªÔ,3304
ªÍ,3305
­G,3306
­H,3307
­I,3308
­L,3309
­D,3310
­F,3311
­K,3312
­M,3313
­J,3314
­N,3315
­E,3316
¯Ú,3317
¯Ø,3318
¯Ö,3319
¯Þ,3320
¯Û,3321
¯Ý,3322
¯à,3323
¯×,3324
¯Ù,3325
¯Ü,3326
¯ß,3327
¯á,3328
²ä,3329
²å,3330
²ç,3331
²æ,3332
²ã,3333
µÈ,3334
µÊ,3335
µÉ,3336
µÅ,3337
µÇ,3338
»G,3339
µÆ,3340
µÄ,3341
µÃ,3342
¸{,3343
¸£,3344
¸~,3345
¸|,3346
¸y,3347
¸x,3348
¸},3349
¸z,3350
¸¡,3351
¸¢,3352
»L,3353
»H,3354
»J,3355
»K,3356
»I,3357
½§,3358
½£,3359
½¤,3360
½¥,3361
½¦,3362
¿±,3363
¿°,3364
¿¯,3365
Át,3366
Áx,3367
Áz,3368
Áw,3369
Áv,3370
Áu,3371
Ás,3372
Ár,3373
Áy,3374
ÂÀ,3375
ÂÁ,3376
Ã¾,3377
Ä¤,3378
Å¦,3379
¦Ú,3380
ª×,3381
»N,3382
Á{,3383
¦Û,3384
¯å,3385
¯ä,3386
¦Ü,3387
­P,3388
»O,3389
¿²,3390
¦Ý,3391
ªØ,3392
¯æ,3393
²ê,3394
¸¤,3395
»P,3396
¿³,3397
Á|,3398
ÂÂ,3399
¦Þ,3400
ªÙ,3401
¯ç,3402
µÎ,3403
»Q,3404
¦ß,3405
µÏ,3406
»R,3407
¦à,3408
­Q,3409
¯ê,3410
¯è,3411
¯é,3412
¯ë,3413
²ë,3414
²í,3415
²ì,3416
²î,3417
¸¥,3418
¿´,3419
¿µ,3420
Ä¥,3421
¦á,3422
¨},3423
Á},3424
¦â,3425
¦ã,3426
¨¡,3427
¨¢,3428
¨~,3429
ªÜ,3430
ªÛ,3431
ªß,3432
ªã,3433
ªâ,3434
ªÝ,3435
ªá,3436
ªÚ,3437
ªà,3438
¯ì,3439
ªÞ,3440
­b,3441
­\,3442
­d,3443
­a,3444
­],3445
­V,3446
­`,3447
­c,3448
­e,3449
­U,3450
­Y,3451
­W,3452
­R,3453
­^,3454
­_,3455
­Z,3456
­S,3457
­X,3458
­T,3459
­[,3460
¯ú,3461
¯í,3462
¯ü,3463
¯÷,3464
¯õ,3465
¯ô,3466
¯ù,3467
¯ñ,3468
¯ø,3469
¯û,3470
¯ó,3471
¯ð,3472
¯ö,3473
¯ò,3474
¯î,3475
¯ï,3476
²ü,3477
²ò,3478
²ý,3479
²þ,3480
²ú,3481
²ø,3482
²ï,3483
²÷,3484
²ù,3485
²ô,3486
²ñ,3487
²ð,3488
²û,3489
²ó,3490
²ö,3491
²õ,3492
µ×,3493
µÕ,3494
µâ,3495
µß,3496
µæ,3497
µÔ,3498
µÐ,3499
µØ,3500
µÝ,3501
µÙ,3502
µá,3503
µÚ,3504
µÒ,3505
µà,3506
µÑ,3507
µå,3508
µÜ,3509
µÖ,3510
µÞ,3511
µÓ,3512
µä,3513
¸U,3514
¸©,3515
¸±,3516
µã,3517
¸°,3518
¸¨,3519
¸­,3520
µÛ,3521
¸¯,3522
¸²,3523
¸³,3524
¸«,3525
¸´,3526
¸¬,3527
¸®,3528
¸ª,3529
¸§,3530
¸¦,3531
»`,3532
»X,3533
»[,3534
»Y,3535
»Z,3536
»],3537
»a,3538
»U,3539
»^,3540
»W,3541
»V,3542
»T,3543
»\,3544
»_,3545
½´,3546
½¬,3547
½¶,3548
½°,3549
½¯,3550
½³,3551
½©,3552
½«,3553
½²,3554
½±,3555
½µ,3556
½­,3557
½®,3558
½ª,3559
¿»,3560
¿¸,3561
¿¼,3562
¿¶,3563
¿·,3564
¿¹,3565
¿º,3566
¿¾,3567
¿½,3568
Á¢,3569
Á¡,3570
Á¨,3571
Á¤,3572
Á¥,3573
Á§,3574
Á£,3575
ÂÄ,3576
Á~,3577
Á¦,3578
ÂÈ,3579
ÂÇ,3580
ÂÅ,3581
ÂÃ,3582
ÂÆ,3583
ÃÂ,3584
ÃÀ,3585
ÃÃ,3586
ÃÄ,3587
Ã¿,3588
ÃÁ,3589
Ä§,3590
Ä©,3591
Ä¦,3592
Äª,3593
Ä¬,3594
Ä­,3595
Ä«,3596
Ä¨,3597
Äô,3598
Äö,3599
Äõ,3600
ÅÙ,3601
ÅÚ,3602
ªê,3603
­h,3604
°@,3605
³B,3606
µê,3607
¸¸,3608
¸·,3609
¸¹,3610
Á«,3611
¦ä,3612
ªë,3613
­i,3614
°A,3615
°F,3616
°C,3617
°G,3618
°D,3619
°E,3620
°B,3621
³L,3622
³K,3623
³H,3624
³F,3625
³E,3626
³G,3627
³I,3628
³D,3629
³J,3630
µî,3631
µì,3632
µï,3633
µë,3634
µð,3635
µí,3636
¸º,3637
¸À,3638
¸¿,3639
¸¾,3640
¸Á,3641
¸Â,3642
¸½,3643
¸¼,3644
¸»,3645
»j,3646
»e,3647
»g,3648
»h,3649
»i,3650
»f,3651
»d,3652
½Á,3653
»k,3654
½À,3655
½¿,3656
½»,3657
½¼,3658
½¾,3659
½¹,3660
½º,3661
½½,3662
½¸,3663
¿À,3664
¿Ä,3665
¿Â,3666
¿Á,3667
¿Ã,3668
Á±,3669
Á®,3670
Á³,3671
Á²,3672
Á¬,3673
Á°,3674
Á´,3675
Áµ,3676
Á­,3677
Á¯,3678
ÂÍ,3679
ÂÌ,3680
ÂÎ,3681
ÃÉ,3682
ÃÆ,3683
ÃÇ,3684
ÃÈ,3685
Ä®,3686
Ä¯,3687
Äú,3688
Äù,3689
Äø,3690
Ä÷,3691
ÅÛ,3692
Åú,3693
Åû,3694
ÆZ,3695
¦å,3696
¦æ,3697
­l,3698
³N,3699
µó,3700
¸Å,3701
½Ã,3702
½Ä,3703
¿Å,3704
Åü,3705
¦ç,3706
ªí,3707
­m,3708
°I,3709
°J,3710
°K,3711
°L,3712
³P,3713
³U,3714
³T,3715
³R,3716
³S,3717
³O,3718
³Q,3719
µö,3720
µô,3721
µõ,3722
¸Í,3723
¸Ç,3724
¸Î,3725
¸Ê,3726
¸È,3727
¸É,3728
¸Ë,3729
¸Æ,3730
¸Ì,3731
»t,3732
»n,3733
»p,3734
»r,3735
»q,3736
»s,3737
»o,3738
½Æ,3739
½Å,3740
½Ç,3741
½È,3742
»u,3743
¿È,3744
¿Æ,3745
¿É,3746
¿Ç,3747
Á·,3748
Á¹,3749
Á¶,3750
Á¸,3751
ÃÍ,3752
ÃÌ,3753
ÃË,3754
Ä°,3755
Äû,3756
Å¨,3757
Å§,3758
¦è,3759
­n,3760
µ÷,3761
ÂÐ,3762
¨£,3763
³W,3764
³V,3765
µø,3766
¿Ì,3767
¿Ë,3768
Á»,3769
ÂÑ,3770
Ä±,3771
Äý,3772
Æ[,3773
¨¤,3774
¸Ñ,3775
ÂÒ,3776
Ä²,3777
¨¥,3778
­q,3779
­r,3780
­p,3781
°T,3782
°R,3783
°Q,3784
°P,3785
°V,3786
°S,3787
°W,3788
°U,3789
°O,3790
³_,3791
³Y,3792
³^,3793
³Z,3794
³[,3795
³X,3796
³],3797
³\,3798
¶D,3799
¶E,3800
µù,3801
µý,3802
µþ,3803
¶C,3804
¶B,3805
¶@,3806
µû,3807
¶A,3808
µü,3809
µú,3810
¸ß,3811
¸Ú,3812
¸Õ,3813
¸Ö,3814
¸Ò,3815
¸á,3816
¸Þ,3817
¸à,3818
¸×,3819
¸Ü,3820
¸Ó,3821
¸Ô,3822
¸â,3823
¸Ù,3824
¸Ý,3825
¸Ø,3826
»x,3827
»{,3828
»¥,3829
»},3830
½Ï,3831
»¤,3832
»y,3833
¸Û,3834
»|,3835
»z,3836
»~,3837
»¢,3838
»w,3839
»£,3840
»¡,3841
½Ö,3842
½Ò,3843
½Ë,3844
½Õ,3845
½Ô,3846
½Î,3847
½Í,3848
½Ó,3849
½Ð,3850
½Ø,3851
½Ì,3852
½×,3853
¿Ò,3854
¿Í,3855
¿Ó,3856
¿Ï,3857
¿Ù,3858
¿Ô,3859
¿Ð,3860
¿Ø,3861
½Ñ,3862
¿Î,3863
¿Õ,3864
¿Ñ,3865
¿Ö,3866
¿×,3867
ÁÃ,3868
ÁÀ,3869
Á¼,3870
Á½,3871
Á¾,3872
Á¿,3873
ÁÂ,3874
ÁÁ,3875
ÂÓ,3876
ÂÕ,3877
ÂÔ,3878
ÃÏ,3879
ÃÒ,3880
ÃÔ,3881
ÃÕ,3882
ÃÑ,3883
ÃÓ,3884
ÃÐ,3885
Äµ,3886
Ä´,3887
Ä¶,3888
Ä³,3889
Äþ,3890
Å@,3891
ÅA,3892
Åª,3893
ÅÜ,3894
Åþ,3895
Åý,3896
Æ@,3897
Æg,3898
¨¦,3899
ÁÆ,3900
ÁÅ,3901
¨§,3902
°Z,3903
³a,3904
½Ü,3905
½Ý,3906
Â×,3907
Æv,3908
¨¨,3909
³b,3910
¶H,3911
¸æ,3912
»¨,3913
¿Ý,3914
½Þ,3915
°\,3916
°[,3917
¶I,3918
¸è,3919
¸ç,3920
»ª,3921
»©,3922
¿ß,3923
¨©,3924
­s,3925
­t,3926
°],3927
°^,3928
³h,3929
³f,3930
³c,3931
³g,3932
³e,3933
³d,3934
¶J,3935
¸í,3936
¶L,3937
¶Q,3938
¶S,3939
¶R,3940
¶U,3941
¶O,3942
¶K,3943
¶M,3944
¶T,3945
¶P,3946
¶N,3947
¸ï,3948
¸î,3949
¸ì,3950
¸ð,3951
¸ê,3952
¸ë,3953
¸é,3954
»¬,3955
»­,3956
»«,3957
½ç,3958
½à,3959
½ß,3960
½å,3961
½æ,3962
½â,3963
½á,3964
½è,3965
½ã,3966
½ä,3967
¿à,3968
ÁÈ,3969
ÁÊ,3970
ÁÉ,3971
ÂØ,3972
ÃØ,3973
ÃÙ,3974
Äº,3975
Ä¹,3976
ÅB,3977
Å«,3978
Å¬,3979
ÆB,3980
¨ª,3981
³j,3982
³i,3983
»®,3984
½ê,3985
¨«,3986
­v,3987
­u,3988
°_,3989
¶X,3990
¶W,3991
¶V,3992
»°,3993
»¯,3994
½ë,3995
½ì,3996
ÁÍ,3997
¨¬,3998
­w,3999
³k,4000
¶`,4001
¶[,4002
¶^,4003
¶Y,4004
¶],4005
¶\,4006
¶_,4007
¶Z,4008
¸ò,4009
¸ñ,4010
¸ó,4011
¸÷,4012
¸ô,4013
¸õ,4014
¸ö,4015
»±,4016
½ñ,4017
½î,4018
½ï,4019
½ó,4020
½ð,4021
½ò,4022
½í,4023
¿â,4024
¿ã,4025
¿æ,4026
¿å,4027
¿ä,4028
¿á,4029
ÁÐ,4030
ÁÎ,4031
ÁÑ,4032
ÁÏ,4033
ÂÙ,4034
ÂÚ,4035
ÂÜ,4036
ÂÛ,4037
ÃÞ,4038
ÃÛ,4039
ÃÝ,4040
Ãß,4041
ÃÚ,4042
Ä¼,4043
Ä¾,4044
Ä½,4045
ÃÜ,4046
Ä»,4047
ÅC,4048
ÅD,4049
Å­,4050
Æ\,4051
Æn,4052
¨­,4053
°`,4054
¸ú,4055
½ö,4056
Âß,4057
¨®,4058
ªî,4059
­y,4060
­x,4061
°a,4062
°b,4063
³m,4064
³n,4065
¶b,4066
¶a,4067
¶c,4068
¸ý,4069
¸û,4070
¸ü,4071
¸þ,4072
»³,4073
»µ,4074
»²,4075
»´,4076
½ø,4077
½ý,4078
½÷,4079
½ù,4080
½û,4081
½ú,4082
½ü,4083
¿è,4084
¿é,4085
¿ç,4086
ÁÓ,4087
ÁÖ,4088
ÁÔ,4089
ÁÒ,4090
ÁÕ,4091
Âà,4092
Âá,4093
Ãâ,4094
Ãá,4095
ÅF,4096
Å¯,4097
¨¯,4098
¶d,4099
¹@,4100
»¶,4101
¿ì,4102
¿ë,4103
Ãã,4104
Ä|,4105
ÅG,4106
¨°,4107
°d,4108
¹A,4109
¨±,4110
¨´,4111
¨³,4112
¨²,4113
ªï,4114
ªñ,4115
ªð,4116
­|,4117
­~,4118
­{,4119
­},4120
­¢,4121
­¡,4122
­z,4123
°j,4124
°g,4125
°i,4126
°l,4127
°h,4128
°e,4129
°k,4130
°m,4131
°f,4132
³p,4133
³z,4134
³v,4135
³~,4136
³w,4137
³|,4138
³r,4139
³o,4140
³q,4141
³},4142
³u,4143
³x,4144
³t,4145
³y,4146
³{,4147
³s,4148
¶e,4149
¶g,4150
¶i,4151
¶f,4152
¶h,4153
¹G,4154
¹O,4155
¹P,4156
¹E,4157
¹J,4158
¹C,4159
¹B,4160
¹M,4161
¹L,4162
¹K,4163
¹I,4164
¹N,4165
¹D,4166
¹F,4167
¹H,4168
»¸,4169
»»,4170
»¹,4171
»¼,4172
»·,4173
»º,4174
¾C,4175
¾A,4176
¾D,4177
¾B,4178
¿ð,4179
¿î,4180
¿í,4181
¾E,4182
¿ï,4183
¿ò,4184
¿ñ,4185
ÁØ,4186
Á×,4187
ÁÜ,4188
ÁÚ,4189
ÁÛ,4190
ÁÙ,4191
Ââ,4192
Ãä,4193
ÅÞ,4194
ÅÝ,4195
¨¶,4196
°o,4197
¨·,4198
¨º,4199
¨¹,4200
¨¸,4201
ªô,4202
ªò,4203
ªó,4204
­§,4205
­¥,4206
­¦,4207
°p,4208
³¡,4209
³¢,4210
¶l,4211
³£,4212
¶k,4213
¶m,4214
¹Q,4215
»À,4216
¾H,4217
¾G,4218
¾F,4219
¾I,4220
ÁÝ,4221
¨»,4222
­ª,4223
­©,4224
°u,4225
°t,4226
°s,4227
³¤,4228
¶o,4229
¶p,4230
¹U,4231
¹T,4232
¹S,4233
»Ã,4234
»Å,4235
»Ä,4236
¾M,4237
¾J,4238
¾K,4239
¾L,4240
¿ô,4241
Áà,4242
Áß,4243
ÁÞ,4244
Âå,4245
Âæ,4246
ÅH,4247
ÆC,4248
Æ],4249
ªö,4250
¹V,4251
ÄÀ,4252
¨½,4253
­«,4254
³¥,4255
¶q,4256
Âç,4257
ª÷,4258
°x,4259
°v,4260
°y,4261
°w,4262
³¨,4263
³§,4264
³©,4265
³¦,4266
¶u,4267
¶w,4268
¶x,4269
¶r,4270
¶s,4271
¶v,4272
¶t,4273
¹a,4274
¹W,4275
¹Y,4276
¹Z,4277
¹\,4278
¹[,4279
¹^,4280
¹`,4281
¹X,4282
¹],4283
¹_,4284
»Ç,4285
»Ì,4286
»È,4287
»É,4288
»Í,4289
»Ë,4290
»Ê,4291
»Î,4292
¾R,4293
¾U,4294
¾P,4295
¾O,4296
¾V,4297
¾T,4298
¾N,4299
¾W,4300
¾S,4301
¾Q,4302
¿÷,4303
¿û,4304
¿ý,4305
À@,4306
Áè,4307
¿þ,4308
¿õ,4309
¿ú,4310
ÀA,4311
Áã,4312
¿ü,4313
¿ù,4314
¿ø,4315
¿ö,4316
Áå,4317
Áç,4318
Áá,4319
Áë,4320
Áæ,4321
Áê,4322
Áì,4323
Áä,4324
Áé,4325
Áâ,4326
Âé,4327
Âè,4328
Âê,4329
Âë,4330
Âí,4331
Âì,4332
Ãë,4333
Ãì,4334
Ãñ,4335
Ãé,4336
Ãï,4337
Ãô,4338
Ãò,4339
Ãí,4340
Ãî,4341
Ãê,4342
Ãè,4343
Ãð,4344
Ãó,4345
ÄÃ,4346
ÄÂ,4347
ÄÁ,4348
ÅI,4349
ÅN,4350
ÅJ,4351
ÅK,4352
ÅM,4353
ÅL,4354
Å±,4355
Å²,4356
Å³,4357
Åà,4358
Åß,4359
Æ_,4360
Æ^,4361
Ær,4362
Æp,4363
Æq,4364
Æw,4365
ªø,4366
ªù,4367
­¬,4368
°{,4369
³¬,4370
¶},4371
¶|,4372
¶~,4373
¶¢,4374
¶¡,4375
¶{,4376
¹h,4377
»Ò,4378
»Õ,4379
»×,4380
»Ö,4381
»Ó,4382
»Ô,4383
¾[,4384
¾\,4385
ÀF,4386
Áó,4387
Áò,4388
Áï,4389
Áð,4390
Áñ,4391
Âõ,4392
Âó,4393
Âô,4394
Ãö,4395
ÄÄ,4396
ÅP,4397
ªú,4398
¦é,4399
¨Á,4400
¨¿,4401
¨À,4402
¨¾,4403
ªý,4404
ªü,4405
ªû,4406
ªþ,4407
­®,4408
­¯,4409
­°,4410
­­,4411
°¡,4412
°¢,4413
°~,4414
°|,4415
°},4416
°£,4417
³­,4418
³±,4419
¶«,4420
³¯,4421
³²,4422
³®,4423
³³,4424
³´,4425
³°,4426
¶§,4427
¶¨,4428
¶©,4429
¶¤,4430
¶¦,4431
¶ª,4432
¶¥,4433
¹j,4434
¹k,4435
¹i,4436
»Ø,4437
»Ú,4438
»Ù,4439
ÀG,4440
ÀH,4441
ÀI,4442
Áô,4443
Ã÷,4444
Áõ,4445
°¦,4446
³¶,4447
¶­,4448
¶¯,4449
¶®,4450
¶°,4451
¶±,4452
¹n,4453
¹m,4454
»Û,4455
¹l,4456
ÀJ,4457
Áö,4458
Âù,4459
Âú,4460
Âø,4461
Âû,4462
Â÷,4463
Ãø,4464
«B,4465
³·,4466
¶²,4467
¶³,4468
¹s,4469
¹p,4470
¹r,4471
¹q,4472
»Ý,4473
¾],4474
¾^,4475
¾_,4476
¾`,4477
ÀN,4478
ÀK,4479
ÀP,4480
ÀL,4481
ÀO,4482
ÀM,4483
Á÷,4484
Áø,4485
Ãú,4486
Ãù,4487
ÅS,4488
ÅQ,4489
ÅR,4490
Å´,4491
Åµ,4492
ÆE,4493
ÆG,4494
ÆF,4495
«C,4496
¹t,4497
ÀQ,4498
ÀR,4499
«D,4500
¾a,4501
Ãû,4502
­±,4503
ÀS,4504
Åâ,4505
­²,4506
¹u,4507
¹v,4508
»Þ,4509
»ß,4510
¾c,4511
¾b,4512
¾d,4513
ÀT,4514
Áù,4515
Âý,4516
Âþ,4517
Ã@,4518
Å·,4519
Å¶,4520
ÆH,4521
­³,4522
¶´,4523
Áú,4524
Ãü,4525
­´,4526
­µ,4527
»à,4528
Ãý,4529
ÅT,4530
­¶,4531
³»,4532
³¼,4533
¶µ,4534
¶¶,4535
¶·,4536
¹z,4537
¹|,4538
¹w,4539
¹x,4540
¹{,4541
¹y,4542
»á,4543
»â,4544
¾e,4545
À[,4546
ÀY,4547
ÀU,4548
ÀX,4549
ÀV,4550
ÀZ,4551
ÀW,4552
Áû,4553
ÃD,4554
ÃB,4555
ÃE,4556
ÃC,4557
ÃF,4558
Ä@,4559
ÄA,4560
Ãþ,4561
ÅU,4562
Å¸,4563
Åã,4564
ÆI,4565
Æ`,4566
­·,4567
»ã,4568
»ä,4569
¾h,4570
Áü,4571
ÃG,4572
ÄB,4573
ÄÆ,4574
­¸,4575
­¹,4576
°§,4577
¶¸,4578
¶»,4579
¶¹,4580
¶½,4581
¶º,4582
¶¼,4583
¹~,4584
¹},4585
¹¡,4586
¹¢,4587
»å,4588
»æ,4589
»è,4590
¾i,4591
»ç,4592
À\,4593
¾k,4594
¾j,4595
¾l,4596
À_,4597
À^,4598
À`,4599
À],4600
Áý,4601
ÃJ,4602
ÃH,4603
ÃI,4604
ÄC,4605
ÄÈ,4606
ÄÇ,4607
Åä,4608
Æa,4609
­º,4610
­»,4611
ÃL,4612
ÄÉ,4613
°¨,4614
¶¿,4615
¶¾,4616
¹¤,4617
¹£,4618
¹¥,4619
»é,4620
¾n,4621
¾q,4622
¾s,4623
¾r,4624
¾t,4625
¾p,4626
¾m,4627
¾o,4628
Àc,4629
Àb,4630
Àd,4631
Â@,4632
Áþ,4633
ÃM,4634
ÄE,4635
ÄF,4636
ÄÊ,4637
ÄË,4638
ÄÌ,4639
Å[,4640
ÅZ,4641
ÅY,4642
ÅX,4643
Åº,4644
Åç,4645
Åå,4646
Åæ,4647
ÆJ,4648
Æj,4649
Æk,4650
Æz,4651
°©,4652
»ê,4653
»ë,4654
¾u,4655
Àe,4656
Àf,4657
Å\,4658
Å¼,4659
Åè,4660
Åé,4661
°ª,4662
»ì,4663
Àh,4664
¾v,4665
¾w,4666
Àg,4667
ÃO,4668
ÃP,4669
ÄG,4670
Å½,4671
ÆK,4672
°«,4673
¾x,4674
Ài,4675
Æ{,4676
°¬,4677
°­,4678
»í,4679
»î,4680
¾z,4681
¾y,4682
ÃQ,4683
Å],4684
ÆL,4685
³½,4686
¾|,4687
¾{,4688
Àj,4689
ÂC,4690
ÂB,4691
ÂA,4692
ÃU,4693
ÃT,4694
ÄI,4695
ÄH,4696
ÃV,4697
ÄÏ,4698
ÄÎ,4699
Å`,4700
Å_,4701
Å¿,4702
ÅÁ,4703
ÅÀ,4704
Å¾,4705
Åë,4706
Åí,4707
Åì,4708
Æs,4709
Æt,4710
³¾,4711
¹§,4712
»ñ,4713
»ï,4714
»ð,4715
¾},4716
¾~,4717
Ào,4718
Àk,4719
Àp,4720
Àl,4721
Àm,4722
Àn,4723
ÂE,4724
ÂF,4725
ÃY,4726
ÃZ,4727
Ã[,4728
ÄM,4729
ÄO,4730
ÄP,4731
ÄN,4732
ÄL,4733
Åa,4734
Åb,4735
Åc,4736
ÅÂ,4737
ÅÃ,4738
Åî,4739
ÆN,4740
ÆO,4741
Æx,4742
Æ},4743
ÄÐ,4744
ÆP,4745
ÆQ,4746
³À,4747
¹¨,4748
ÂG,4749
ÄQ,4750
ÄS,4751
ÄR,4752
Åe,4753
Åï,4754
³Á,4755
¾¢,4756
ÄT,4757
ÄÑ,4758
³Â,4759
»ò,4760
¾£,4761
¶À,4762
¶Á,4763
¾¤,4764
ÂH,4765
¶Â,4766
Àr,4767
Àq,4768
ÂL,4769
ÂJ,4770
ÂK,4771
ÂI,4772
Ã\,4773
ÄÒ,4774
Åf,4775
Åð,4776
Æu,4777
ÆR,4778
¹©,4779
¹ª,4780
Ã],4781
Åg,4782
¹«,4783
Ã^,4784
ÅÄ,4785
»ó,4786
ÂM,4787
»ô,4788
ÂN,4789
¾¦,4790
Åh,4791
ÄÔ,4792
ÄÖ,4793
ÄÕ,4794
Åi,4795
ÅÆ,4796
ÅÅ,4797
ÆT,4798
ÆS,4799
Às,4800
Ãe,4801
ÅÇ,4802
